CreatedDate,ProfileNo,OrganizationIdentificationID,Department Name,OrganizationActivityText,ReportingOfficerIdentificationID,InterventionIdentificationID,IdentificationCategoryDescriptionText,InterventionDate,Month,SubjectRaceCode,SubjectEthnicityCode,SubjectSexCode,SubjectAge,ResidentIndicator,TownRecidentIndicator,InterventionLocationName,InterventionLocationDescriptionText,InterventionLocationLatitude,InterventionLocationLongitude,InterventionReasonCode,InterventionTechniqueCode,InterventionDurationCode,TowedIndicator,StatuteCodeIdentificationID,StatutatoryCitationPostStop,VehicleSearchedIndicator,SearchAuthorizationCode,ContrabandIndicator,CustodialArrestIndicator,InterventionDispositionCode,InterventionDispositionDate,InterventionDispositionReasonText,IsStatuteCodeValid,IsStatutatoryCitationValid,IsaTest,RecordCount,SourceId,SourceReferenceId,InterventionDateTime,InterventionTime,filenumber,StatutatoryCitation,Road Type,ReasonForStop,Year,Reason for Stop
2025-01-15 21:50:53.097000,7181626.0,CT0012600,Shelton,Racial Profile,337,2500000074,Incident ID,2025-01-01 00:00:00,January,B,N,F,53,True,True,SHELTON,shelton ave,  ,  ,V,G,1.0,0,14-232(1),,False,N,False,False,V,,,,,False,1.0,CT0012600,133814694497511509,2025-01-01 15:44:26.450000,15:44:26.450000,2025,,,,2025,Moving Violation
2025-01-15 21:50:53.103000,7181627.0,CT0012600,Shelton,Racial Profile,404,2500000095,Incident ID,2025-01-01 00:00:00,January,W,N,M,71,True,False,SHELTON,river rd shelton,  ,  ,V,G,1.0,0,14-218a,,False,N,False,False,V,,,,,False,1.0,CT0012600,133814694497511509,2025-01-01 21:16:14.740000,21:16:14.740000,2025,,,,2025,Speed Related
2025-01-15 21:50:53.117000,7181630.0,CT0012600,Shelton,Racial Profile,447,2500000097,Incident ID,2025-01-01 00:00:00,January,W,M,M,24,False,False,SHELTON,howe bridge,  ,  ,I,G,1.0,0,01-000,,False,N,False,False,N,,,,,False,1.0,CT0012600,133814694497511509,2025-01-01 21:19:48.143000,21:19:48.143000,2025,,,,2025,Other
2025-01-15 21:50:53.113000,7181629.0,CT0012600,Shelton,Racial Profile,447,2500000007,Incident ID,2025-01-01 00:00:00,January,W,N,M,21,True,False,SHELTON,howe/ hill,  ,  ,V,G,1.0,0,01-000,,False,N,False,False,V,,,,,False,1.0,CT0012600,133814694497511509,2025-01-01 00:59:53.157000,00:59:53.157000,2025,,,,2025,Other
2025-03-14 09:05:11.210000,7270547.0,CT0012600,Shelton,Racial Profile,447,2500000210,Incident ID,2025-01-02 00:00:00,January,W,H,F,38,True,True,SHELTON,howe kneen,  ,  ,I,G,1.0,0,14-147(c),,False,N,False,False,V,,,,,False,1.0,CT0012600,133864311102519114,2025-01-02 17:37:41.777000,17:37:41.777000,2025,,,,2025,Administrative Offense
2025-03-14 09:05:11.200000,7270543.0,CT0012600,Shelton,Racial Profile,445,2500000327,Incident ID,2025-01-03 00:00:00,January,B,N,M,75,True,False,SHELTON,Kazo Dri/Nichokls,  ,  ,I,B,1.0,0,14-99g,,False,N,False,False,V,,,,,False,1.0,CT0012600,133864311102519114,2025-01-03 19:11:47.727000,19:11:47.727000,2025,,,,2025,Window Tint
2025-01-15 21:50:53.120000,7181632.0,CT0012600,Shelton,Racial Profile,447,2500000608,Incident ID,2025-01-06 00:00:00,January,W,N,M,24,True,True,SHELTON,shelton ave nells rock,  ,  ,V,G,1.0,0,14-219,,False,N,False,False,V,,,,,False,1.0,CT0012600,133814694497511509,2025-01-06 22:01:14.647000,22:01:14.647000,2025,,,,2025,Speed Related
2025-01-15 21:50:53.123000,7181633.0,CT0012600,Shelton,Racial Profile,447,2500000609,Incident ID,2025-01-06 00:00:00,January,W,N,F,37,True,False,SHELTON," SHELTON AVE/MEADOW ST (SHELTON, T126)",  ,  ,V,G,1.0,0,14-219(b),,False,N,False,False,I,,,,,False,1.0,CT0012600,133814694497511509,2025-01-06 22:26:55.103000,22:26:55.103000,2025,,,,2025,Speed Related
2025-03-14 09:05:11.197000,7270542.0,CT0012600,Shelton,Racial Profile,441,2500001713,Incident ID,2025-01-16 00:00:00,January,W,N,M,33,True,True,Shelton,west canal st,  ,  ,V,B,1.0,0,14-12(a),,False,N,False,False,V,,,,,False,1.0,CT0012600,133864311102519114,2025-01-16 13:12:18.663000,13:12:18.663000,2025,,,,2025,Registration
2025-03-14 09:05:11.233000,7270553.0,CT0012600,Shelton,Racial Profile,463,2500002242,Incident ID,2025-01-21 00:00:00,January,W,H,M,28,True,False,SHELTON,Shelton Ave / Meadow St,  ,  ,V,G,2.0,0,14-232(1),,False,N,False,False,I,,,,,False,1.0,CT0012600,133864311102519114,2025-01-21 17:59:28.963000,17:59:28.963000,2025,,,,2025,Moving Violation
2025-03-14 09:05:11.227000,7270550.0,CT0012600,Shelton,Racial Profile,447,2500002498,Incident ID,2025-01-24 00:00:00,January,B,N,M,22,True,True,SHELTON,howe/kneen,  ,  ,V,G,2.0,0,14-147a,,False,N,False,False,M,,,,,False,1.0,CT0012600,133864311102519114,2025-01-24 11:22:20.990000,11:22:20.990000,2025,,,,2025,Administrative Offense
2025-03-14 09:05:11.203000,7270544.0,CT0012600,Shelton,Racial Profile,445,2500002554,Incident ID,2025-01-24 00:00:00,January,W,H,M,30,True,True,SHELTON,Shelton Car Care,  ,  ,E,B,1.0,0,14-99g(a),,False,N,False,False,V,,,,,False,1.0,CT0012600,133864311102519114,2025-01-24 22:25:56.893000,22:25:56.893000,2025,,,,2025,Window Tint
2025-03-14 09:05:11.233000,7270552.0,CT0012600,Shelton,Racial Profile,447,2500003143,Incident ID,2025-01-31 00:00:00,January,B,N,M,30,True,False,SHELTON,howe/west,  ,  ,V,G,1.0,0,14-18(a)(1),,False,N,False,False,V,,,,,False,1.0,CT0012600,133864311102519114,2025-01-31 14:47:46.097000,14:47:46.097000,2025,,,,2025,Display of Plates
2025-03-14 09:05:11.230000,7270551.0,CT0012600,Shelton,Racial Profile,447,2500003131,Incident ID,2025-01-31 00:00:00,January,W,N,M,70,True,True,SHELTON,howe/bridge,  ,  ,V,G,1.0,0,14-299,,False,N,False,False,V,,,,,False,1.0,CT0012600,133864311102519114,2025-01-31 12:01:20.013000,12:01:20.013000,2025,,,,2025,Traffic Control Signal
2025-03-15 21:50:33.553000,7303137.0,CT0012600,Shelton,Racial Profile,447,2500003429,Incident ID,2025-02-04 00:00:00,February,B,N,M,20,True,True,SHELTON,howe/center,  ,  ,V,G,1.0,0,14-219,,False,N,False,False,V,,,,,False,1.0,CT0012600,133865634310444104,2025-02-04 14:04:07.780000,14:04:07.780000,2025,,,,2025,Speed Related
2025-02-15 21:47:14.347000,7220947.0,CT0012600,Shelton,Racial Profile,447,2500003675,Incident ID,2025-02-07 00:00:00,February,W,N,M,70,True,False,Shelton,old stratford/ rt 8 north,  ,  ,V,G,1.0,0,14-299,,False,N,False,False,V,,,,,False,1.0,CT0012600,133841476308166770,2025-02-07 10:05:57.203000,10:05:57.203000,2025,,,,2025,Traffic Control Signal
2025-02-15 21:47:14.340000,7220945.0,CT0012600,Shelton,Racial Profile,445,2500003964,Incident ID,2025-02-10 00:00:00,February,B,N,F,47,True,True,SHELTON,784 river rd,  ,  ,V,G,1.0,0,14-236,,False,N,False,False,I,,,,,False,1.0,CT0012600,133841476308166770,2025-02-10 22:44:00.567000,22:44:00.567000,2025,14-236,,,2025,Moving Violation
2025-03-15 21:50:33.557000,7303139.0,CT0012600,Shelton,Racial Profile,447,2500003911,Incident ID,2025-02-10 00:00:00,February,W,N,M,70,True,False,Shelton, 00009 N RT 8 HWY T126  (Shelton),  ,  ,V,G,1.0,0,14-12(a)*,,False,N,False,False,I,,,,,False,1.0,CT0012600,133865634310444104,2025-02-10 13:26:54.167000,13:26:54.167000,2025,,,,2025,Registration
2025-02-15 21:47:14.377000,7220949.0,CT0012600,Shelton,Racial Profile,447,2500004121,Incident ID,2025-02-12 00:00:00,February,B,N,M,25,True,True,SHELTON,HOWE/KNEEN,  ,  ,I,G,1.0,0,01-000,,False,N,False,False,N,,,,,False,1.0,CT0012600,133841476308166770,2025-02-12 13:39:35.940000,13:39:35.940000,2025,,,,2025,Other
2025-03-15 21:50:33.530000,7303132.0,CT0012600,Shelton,Racial Profile,438,2500004313,Incident ID,2025-02-14 00:00:00,February,W,N,F,38,True,True,SHELTON,Bridgeport Ave/Mill St,  ,  ,V,G,1.0,0,14-232(1),,False,N,False,False,I,,,,,False,1.0,CT0012600,133865634310444104,2025-02-14 19:08:16.677000,19:08:16.677000,2025,14-12(a)*,,,2025,Moving Violation
2025-03-15 21:50:33.517000,7303129.0,CT0012600,Shelton,Racial Profile,285,2500004442,Incident ID,2025-02-16 00:00:00,February,W,N,F,35,True,False,Shelton,Route 8 North ,  ,  ,V,G,1.0,0,14-232(1),,False,N,False,False,V,,,,,False,1.0,CT0012600,133865634310444104,2025-02-16 09:06:40.993000,09:06:40.993000,2025,14-232(1),,,2025,Moving Violation
2025-03-15 21:50:33.537000,7303133.0,CT0012600,Shelton,Racial Profile,438,2500004990,Incident ID,2025-02-21 00:00:00,February,W,N,M,70,True,True,SHELTON,Shelton Ave/Meadow St,  ,  ,V,G,1.0,0,14-299,,False,N,False,False,I,,,,,False,1.0,CT0012600,133865634310444104,2025-02-21 17:32:36.530000,17:32:36.530000,2025,14-299,,,2025,Traffic Control Signal
2025-03-15 21:50:33.570000,7303143.0,CT0012600,Shelton,Racial Profile,452,2500005063,Incident ID,2025-02-22 00:00:00,February,W,N,M,20,True,False,SHELTON,Coram/Wooster,  ,  ,V,G,1.0,0,14-230,,False,N,False,False,V,,,,,False,1.0,CT0012600,133865634310444104,2025-02-22 18:13:23.050000,18:13:23.050000,2025,14-230,,,2025,Moving Violation
2025-03-15 21:50:33.563000,7303141.0,CT0012600,Shelton,Racial Profile,447,2500005247,Incident ID,2025-02-24 00:00:00,February,W,N,M,19,False,False,SHELTON,bpt ave/ rt 8 south,  ,  ,V,G,1.0,0,14-18(a)(1),,False,N,False,False,V,,,,,False,1.0,CT0012600,133865634310444104,2025-02-24 14:33:34.150000,14:33:34.150000,2025,,,,2025,Display of Plates
2025-03-15 21:50:33.527000,7303131.0,CT0012600,Shelton,Racial Profile,404,2500005376,Incident ID,2025-02-25 00:00:00,February,W,N,M,19,True,True,SHELTON,shelton ave,  ,  ,E,G,1.0,0,14-80B,,True,N,False,False,V,,,,,False,1.0,CT0012600,133865634310444104,2025-02-25 19:48:16.483000,19:48:16.483000,2025,14-80B,,,2025,Equipment Violation
2025-03-15 21:50:33.540000,7303134.0,CT0012600,Shelton,Racial Profile,438,2500005482,Incident ID,2025-02-26 00:00:00,February,W,N,F,17,True,True,SHELTON," DOGWOOD DR/RIPTON RD (SHELTON, T126)",  ,  ,V,G,1.0,0,14-299,,False,N,False,False,I,,,,,False,1.0,CT0012600,133865634310444104,2025-02-26 21:20:47.840000,21:20:47.840000,2025,,,,2025,Traffic Control Signal
2025-03-15 21:50:33.547000,7303135.0,CT0012600,Shelton,Racial Profile,438,2500005482,Incident ID,2025-02-26 00:00:00,February,W,N,F,17,True,True,SHELTON,Huntington St/Shelton Ave,  ,  ,V,G,1.0,0,14-299,,False,N,False,False,I,,,,,False,1.0,CT0012600,133865634310444104,2025-02-26 21:20:47.840000,21:20:47.840000,2025,,,,2025,Traffic Control Signal
2025-03-15 21:50:33.520000,7303130.0,CT0012600,Shelton,Racial Profile,402,2500005614,Incident ID,2025-02-28 00:00:00,February,W,N,M,36,True,False,SHELTON,bpt ave,  ,  ,V,G,1.0,0,14-234,,False,N,False,False,V,,,,,False,1.0,CT0012600,133865634310444104,2025-02-28 10:16:37.357000,10:16:37.357000,2025,14-234,,,2025,Moving Violation
2025-03-15 21:50:33.567000,7303142.0,CT0012600,Shelton,Racial Profile,447,2500005628,Incident ID,2025-02-28 00:00:00,February,W,H,M,40,True,False,SHELTON,ELIZABETH/ 5TH,  ,  ,V,G,2.0,1,14-147(c),,True,I,False,False,M,,,,,False,1.0,CT0012600,133865634310444104,2025-02-28 13:14:08.717000,13:14:08.717000,2025,,,,2025,Administrative Offense
2025-04-15 21:51:43.733000,7361353.0,CT0012600,Shelton,Racial Profile,441,2500006016,Incident ID,2025-03-04 00:00:00,March,A,N,F,52,True,True,SHELTON,corporate dr,  ,  ,V,B,1.0,0,14-12(a)*,,False,N,False,False,V,,,,,False,1.0,CT0012600,133892419000161937,2025-03-04 13:08:36.543000,13:08:36.543000,2025,,,,2025,Registration
2025-04-15 21:51:43.730000,7361351.0,CT0012600,Shelton,Racial Profile,404,2500006223,Incident ID,2025-03-06 00:00:00,March,W,N,M,50,True,True,SHELTON,crown point plaza,  ,  ,V,G,1.0,0,14-34a(e),,False,N,False,False,V,,,,,False,1.0,CT0012600,133892419000161937,2025-03-06 17:50:30.643000,17:50:30.643000,2025,,,,2025,Other
2025-04-15 21:51:43.730000,7361352.0,CT0012600,Shelton,Racial Profile,404,2500006336,Incident ID,2025-03-07 00:00:00,March,B,N,F,45,True,True,SHELTON,howe ave/cornell st,  ,  ,E,G,1.0,0,14-96aa,,False,N,False,False,V,,,,,False,1.0,CT0012600,133892419000161937,2025-03-07 21:30:22.777000,21:30:22.777000,2025,14-96aa,,,2025,Defective Lights
2025-04-15 21:51:43.770000,7361364.0,CT0012600,Shelton,Racial Profile,469,2500006280,Incident ID,2025-03-07 00:00:00,March,W,H,F,26,True,False,SHELTON,howe / white,  ,  ,V,G,1.0,0,14-301,,False,N,False,False,V,,,,,False,1.0,CT0012600,133892419000161937,2025-03-07 07:32:40.917000,07:32:40.917000,2025,,,,2025,Stop Sign
2025-04-15 21:51:43.737000,7361354.0,CT0012600,Shelton,Racial Profile,441,2500006303,Incident ID,2025-03-07 00:00:00,March,B,N,M,31,True,False,SHELTON,140 BRIDGEPORT AVE ,  ,  ,E,B,1.0,0,14-18(a),,False,N,False,False,V,,,,,False,1.0,CT0012600,133892419000161937,2025-03-07 12:43:10.227000,12:43:10.227000,2025,,,,2025,Display of Plates
2025-04-15 21:51:43.740000,7361355.0,CT0012600,Shelton,Racial Profile,441,2500006309,Incident ID,2025-03-07 00:00:00,March,W,N,M,72,True,True,SHELTON,D,  ,  ,V,B,1.0,0,14-18(a),,False,N,False,False,V,,,,,False,1.0,CT0012600,133892419000161937,2025-03-07 14:14:24.407000,14:14:24.407000,2025,,,,2025,Display of Plates
2025-04-15 21:51:43.747000,7361357.0,CT0012600,Shelton,Racial Profile,445,2500006340,Incident ID,2025-03-07 00:00:00,March,W,N,M,17,True,True,SHELTON,1 Bridgeport Ave,  ,  ,V,G,1.0,0,14-236,,False,N,False,False,I,,,,,False,1.0,CT0012600,133892419000161937,2025-03-07 22:16:56.543000,22:16:56.543000,2025,14-236,,,2025,Moving Violation
2025-04-15 21:51:43.720000,7361348.0,CT0012600,Shelton,Racial Profile,285,2500006399,Incident ID,2025-03-08 00:00:00,March,B,N,F,24,True,False,SHELTON,huntington st,  ,  ,V,G,1.0,0,14-240(a,,False,N,False,False,V,,,,,False,1.0,CT0012600,133892419000161937,2025-03-08 14:17:49.620000,14:17:49.620000,2025,14-240(a,,,2025,Moving Violation
2025-04-15 21:51:43.757000,7361360.0,CT0012600,Shelton,Racial Profile,447,2500006471,Incident ID,2025-03-09 00:00:00,March,W,N,F,40,True,True,SHELTON,howe/beard,  ,  ,V,G,2.0,0,14-299,,False,N,False,False,M,,,,,False,1.0,CT0012600,133892419000161937,2025-03-09 10:49:56.850000,10:49:56.850000,2025,14-215(a),,,2025,Traffic Control Signal
2025-04-15 21:51:43.713000,7361347.0,CT0012600,Shelton,Racial Profile,237,2500006755,Incident ID,2025-03-12 00:00:00,March,W,H,M,30,False,False,SHELTON,Area of 950 Howe AV,  ,  ,I,G,1.0,0,14-222,,False,N,False,False,N,,,,,False,1.0,CT0012600,133892419000161937,2025-03-12 12:41:25.590000,12:41:25.590000,2025,14-222,,,2025,Speed Related
2025-04-15 21:51:43.743000,7361356.0,CT0012600,Shelton,Racial Profile,441,2500006779,Incident ID,2025-03-12 00:00:00,March,B,N,M,57,False,True,SHELTON,799 howe ave,  ,  ,E,B,1.0,0,14-96c(a),,False,N,False,False,V,,,,,False,1.0,CT0012600,133892419000161937,2025-03-12 18:47:20.210000,18:47:20.210000,2025,,,,2025,Defective Lights
2025-04-15 21:51:43.760000,7361361.0,CT0012600,Shelton,Racial Profile,447,2500006762,Incident ID,2025-03-12 00:00:00,March,W,H,M,24,True,False,Shelton,bpt ave and south conn,  ,  ,V,G,1.0,0,14-218a,,False,N,False,False,V,,,,,False,1.0,CT0012600,133892419000161937,2025-03-12 14:58:14.543000,14:58:14.543000,2025,,,,2025,Speed Related
2025-04-15 21:51:43.763000,7361362.0,CT0012600,Shelton,Racial Profile,447,2500006853,Incident ID,2025-03-13 00:00:00,March,W,H,F,25,True,False,SHELTON,coram/ elm,  ,  ,V,G,1.0,0,14-18(a),,False,N,False,False,V,,,,,False,1.0,CT0012600,133892419000161937,2025-03-13 18:54:22.693000,18:54:22.693000,2025,,,,2025,Display of Plates
2025-04-15 21:51:43.723000,7361349.0,CT0012600,Shelton,Racial Profile,285,2500006995,Incident ID,2025-03-15 00:00:00,March,W,N,M,59,True,False,SHELTON,bridgeport ave,  ,  ,V,G,1.0,0,14-234,,False,N,False,False,I,,,,,False,1.0,CT0012600,133892419000161937,2025-03-15 14:22:03.810000,14:22:03.810000,2025,14-234,,,2025,Moving Violation
2025-04-15 21:51:43.750000,7361358.0,CT0012600,Shelton,Racial Profile,445,2500007096,Incident ID,2025-03-16 00:00:00,March,W,N,F,26,True,True,SHELTON,Long Hill Cross Road/Bridgeport Ave,  ,  ,V,G,1.0,0,14-299,,False,N,False,False,V,,,,,False,1.0,CT0012600,133892419000161937,2025-03-16 22:20:58.210000,22:20:58.210000,2025,,,,2025,Traffic Control Signal
2025-04-15 21:51:43.727000,7361350.0,CT0012600,Shelton,Racial Profile,392,2500007469,Incident ID,2025-03-20 00:00:00,March,W,N,M,0,False,False,SHELTON,,  ,  ,I,G,1.0,0,N?A,,False,N,False,False,N,,,,,False,1.0,CT0012600,133892419000161937,2025-03-20 15:24:06.773000,15:24:06.773000,2025,,,,2025,Other
2025-04-15 21:51:43.767000,7361363.0,CT0012600,Shelton,Racial Profile,452,2500007637,Incident ID,2025-03-22 00:00:00,March,W,N,M,28,True,False,SHELTON,Bridgeport Ave/Commerce,  ,  ,V,G,2.0,0,14-218a*,,False,N,False,False,V,,,,,False,1.0,CT0012600,133892419000161937,2025-03-22 11:33:51,11:33:51,2025,14-218a*,,,2025,Speed Related
2025-04-15 21:51:43.750000,7361359.0,CT0012600,Shelton,Racial Profile,445,2500007779,Incident ID,2025-03-24 00:00:00,March,W,H,M,34,True,False,SHELTON,Wells Fargo,  ,  ,I,B,1.0,0,14-99g,,False,N,False,False,V,,,,,False,1.0,CT0012600,133892419000161937,2025-03-24 20:59:41.863000,20:59:41.863000,2025,,,,2025,Window Tint
2025-05-15 21:47:46.667000,7435875.0,CT0012600,Shelton,Racial Profile,463,2500009606,Incident ID,2025-04-13 00:00:00,April,W,H,M,56,True,False,SHELTON,River Rd,  ,  ,V,S,1.0,0,14-299,,False,N,False,False,V,,,,,False,1.0,CT0012600,133918336631315857,2025-04-13 17:36:55.467000,17:36:55.467000,2025,,,,2025,Traffic Control Signal
2025-05-15 21:47:46.660000,7435873.0,CT0012600,Shelton,Racial Profile,380,2500010300,Incident ID,2025-04-21 00:00:00,April,W,N,M,52,True,True,SHELTON,Commerce/Enterprise,  ,  ,V,G,1.0,0,14-218(a),,False,N,False,False,V,,,,,False,1.0,CT0012600,133918336631315857,2025-04-21 20:00:06.843000,20:00:06.843000,2025,,,,2025,Speed Related
2025-05-15 21:47:46.663000,7435874.0,CT0012600,Shelton,Racial Profile,402,2500010783,Incident ID,2025-04-27 00:00:00,April,W,N,F,36,False,False,SHELTON,Huntington Street,  ,  ,V,G,1.0,0,14-237,,False,N,False,False,V,,,,,False,1.0,CT0012600,133918336631315857,2025-04-27 14:17:05.610000,14:17:05.610000,2025,14-237,,,2025,Moving Violation
2025-06-15 21:49:26.187000,7495833.0,CT0012600,Shelton,Racial Profile,404,2500011508,Incident ID,2025-05-06 00:00:00,May,W,N,M,16,True,True,SHELTON,nichols/earl,  ,  ,V,G,1.0,0,14-242a,,False,N,False,False,V,,,,,False,1.0,CT0012600,133945121627063089,2025-05-06 21:56:21.433000,21:56:21.433000,2025,14-242a,,,2025,Moving Violation
2025-06-15 21:49:26.200000,7495837.0,CT0012600,Shelton,Racial Profile,463,2500011693,Incident ID,2025-05-08 00:00:00,May,B,N,M,40,True,False,SHELTON,Bridgeport Ave,  ,  ,V,G,1.0,0,14-299,,False,N,False,False,V,,,,,False,1.0,CT0012600,133945121627063089,2025-05-08 16:46:26.163000,16:46:26.163000,2025,,,,2025,Traffic Control Signal
2025-06-15 21:49:26.193000,7495835.0,CT0012600,Shelton,Racial Profile,445,2500011867,Incident ID,2025-05-10 00:00:00,May,B,N,M,44,True,False,SHELTON,TJ MAXX,  ,  ,I,G,1.0,0,14-236(1),,False,N,False,False,V,,,,,False,1.0,CT0012600,133945121627063089,2025-05-10 20:52:01.390000,20:52:01.390000,2025,,,,2025,Moving Violation
2025-06-15 21:49:26.183000,7495832.0,CT0012600,Shelton,Racial Profile,384,2500012298,Incident ID,2025-05-16 00:00:00,May,A,N,M,28,True,False,SHELTON,400 shelton ave,  ,  ,I,G,1.0,0,01-000,,True,N,False,False,N,,,,,False,1.0,CT0012600,133945121627063089,2025-05-16 10:36:16.200000,10:36:16.200000,2025,,,,2025,Other
2025-06-15 21:49:26.197000,7495836.0,CT0012600,Shelton,Racial Profile,445,2500012424,Incident ID,2025-05-17 00:00:00,May,W,N,M,25,True,False,SHELTON,110/East Village Rd,  ,  ,V,G,1.0,0,14-299,,False,N,False,False,V,,,,,False,1.0,CT0012600,133945121627063089,2025-05-17 22:33:17.087000,22:33:17.087000,2025,,,,2025,Traffic Control Signal
2025-06-15 21:49:26.200000,7495838.0,CT0012600,Shelton,Racial Profile,463,2500013029,Incident ID,2025-05-25 00:00:00,May,W,N,M,39,False,False,SHELTON,Meadow/ Shelton Rd,  ,  ,V,G,1.0,0,14-242(e),,False,N,False,False,I,,,,,False,1.0,CT0012600,133945121627063089,2025-05-25 22:46:32.710000,22:46:32.710000,2025,,,,2025,Moving Violation
2025-06-15 21:49:26.190000,7495834.0,CT0012600,Shelton,Racial Profile,404,2500013294,Incident ID,2025-05-29 00:00:00,May,W,M,M,25,True,False,SHELTON,bridgeport ave/ armstrong,  ,  ,V,G,1.0,0,14-299,,False,N,False,False,V,,,,,False,1.0,CT0012600,133945121627063089,2025-05-29 19:47:25.520000,19:47:25.520000,2025,14-299,,,2025,Traffic Control Signal
2025-06-15 21:49:26.180000,7495831.0,CT0012600,Shelton,Racial Profile,312,2500013424,Incident ID,2025-05-31 00:00:00,May,W,N,F,59,True,True,SHELTON,Shelton Ave,  ,  ,V,G,1.0,0,14-298,,False,N,False,False,V,,,,,False,1.0,CT0012600,133945121627063089,2025-05-31 14:13:06.330000,14:13:06.330000,2025,,,,2025,STC Violation
2025-07-15 21:51:56.317000,7565500.0,CT0012600,Shelton,Racial Profile,441,2500014268,Incident ID,2025-06-11 00:00:00,June,W,N,M,63,True,True,SHELTON,330 howe ave,  ,  ,V,B,2.0,1,14-12(a)*,,True,I,False,True,M,,,,,False,1.0,CT0012600,133971043126744621,2025-06-11 16:59:45.037000,16:59:45.037000,2025,,,,2025,Registration
2025-07-15 21:51:56.313000,7565499.0,CT0012600,Shelton,Racial Profile,404,2500014352,Incident ID,2025-06-12 00:00:00,June,W,N,M,34,True,False,SHELTON,320 coram ave,  ,  ,V,B,1.0,0,14-299,,True,N,False,False,I,,,,,False,1.0,CT0012600,133971043126744621,2025-06-12 22:32:26.660000,22:32:26.660000,2025,14-299,,,2025,Traffic Control Signal
2025-08-15 21:49:46.030000,7649664.0,CT0012600,Shelton,Racial Profile,285,2500016327,Incident ID,2025-07-10 00:00:00,July,W,N,F,60,True,True,SHELTON,huntington st,  ,  ,V,G,1.0,0,14-12(a)*,,False,N,False,False,V,,,,,False,1.0,CT0012600,133997825826334020,2025-07-10 14:32:28.857000,14:32:28.857000,2025,14-12(a),,,2025,Registration
2025-08-15 21:49:46.040000,7649667.0,CT0012600,Shelton,Racial Profile,469,2500016409,Incident ID,2025-07-11 00:00:00,July,W,H,F,34,True,False,SHELTON,shelton / soundview,  ,  ,V,G,1.0,0,14-232(a)(1),,False,N,False,False,V,,,,,False,1.0,CT0012600,133997825826334020,2025-07-11 14:12:30.360000,14:12:30.360000,2025,14-232(a)(1),,,2025,Moving Violation
2025-08-15 21:49:46.033000,7649665.0,CT0012600,Shelton,Racial Profile,462,2500016508,Incident ID,2025-07-12 00:00:00,July,W,N,M,40,True,True,SHELTON,15 Soundview Ave.,  ,  ,V,G,1.0,0,14-299,,False,N,False,False,V,,,,,False,1.0,CT0012600,133997825826334020,2025-07-12 19:33:35.747000,19:33:35.747000,2025,14-299,,,2025,Traffic Control Signal
2025-08-15 21:49:46.037000,7649666.0,CT0012600,Shelton,Racial Profile,468,2500016930,Incident ID,2025-07-19 00:00:00,July,B,N,M,17,True,False,SHELTON,Constitution South/Shelton Ave,  ,  ,V,G,1.0,0,14-236,,False,N,False,False,V,,,,,False,1.0,CT0012600,133997825826334020,2025-07-19 16:43:58.120000,16:43:58.120000,2025,14-236,,,2025,Moving Violation
2025-09-15 21:48:02.643000,7724095.0,CT0012600,Shelton,Racial Profile,478,2500018357,Incident ID,2025-08-09 00:00:00,August,B,N,F,29,False,False,SHELTON,BRIDGEPORT AVE / PLATT RD,  ,  ,V,G,2.0,0,14-299,,False,N,False,False,I,,,,,False,1.0,CT0012600,134024608790663650,2025-08-09 13:53:10.417000,13:53:10.417000,2025,,,,2025,Traffic Control Signal
2025-09-15 21:48:02.620000,7724092.0,CT0012600,Shelton,Racial Profile,337,2500018478,Incident ID,2025-08-11 00:00:00,August,W,N,M,44,True,False,SHELTON,Brook Street,  ,  ,V,G,1.0,0,22a-250(a),,False,N,False,False,I,,,,,False,1.0,CT0012600,134024608790663650,2025-08-11 08:58:40.810000,08:58:40.810000,2025,22a-250(a),,,2025,Other
2025-09-15 21:48:02.637000,7724094.0,CT0012600,Shelton,Racial Profile,468,2500018688,Incident ID,2025-08-14 00:00:00,August,B,N,M,29,False,False,Shelton,465 Bridgeport Avenue,  ,  ,V,G,1.0,0,14-233,,False,N,False,False,V,,,,,False,1.0,CT0012600,134024608790663650,2025-08-14 08:49:25.920000,08:49:25.920000,2025,14-233,,,2025,Moving Violation
2025-09-15 21:48:02.620000,7724093.0,CT0012600,Shelton,Racial Profile,449,2500019583,Incident ID,2025-08-26 00:00:00,August,B,N,M,48,True,True,SHELTON,old stratford road and route 8,  ,  ,V,B,1.0,0,14-301,,False,N,False,False,V,,,,,False,1.0,CT0012600,134024608790663650,2025-08-26 20:26:32.827000,20:26:32.827000,2025,14-301,,,2025,Stop Sign
2025-10-15 21:51:31.220000,7795268.0,CT0012600,Shelton,Racial Profile,468,2500020020,Incident ID,2025-09-02 00:00:00,September,W,N,F,36,True,False,SHELTON,Bridgeport Avenue/Commerce Drive,  ,  ,V,G,1.0,0,14-299,,False,N,False,False,V,,,,,False,1.0,CT0012600,134050530872953784,2025-09-02 10:25:40.623000,10:25:40.623000,2025,14-299,,,2025,Traffic Control Signal
2025-10-15 21:51:31.200000,7795261.0,CT0012600,Shelton,Racial Profile,380,2500020025,Incident ID,2025-09-02 00:00:00,September,W,N,M,39,True,False,SHELTON,Long Hill/Soundcrest,  ,  ,V,S,1.0,0,14-218(a),,False,N,False,False,V,,,,,False,1.0,CT0012600,134050530872953784,2025-09-02 11:19:36.407000,11:19:36.407000,2025,,,,2025,Speed Related
2025-10-15 21:51:31.197000,7795259.0,CT0012600,Shelton,Racial Profile,285,2500020621,Incident ID,2025-09-10 00:00:00,September,B,N,M,29,True,True,SHELTON,Huntington St,  ,  ,V,G,1.0,0,14-234,,False,N,False,False,V,,,,,False,1.0,CT0012600,134050530872953784,2025-09-10 13:23:17.437000,13:23:17.437000,2025,14-234,,,2025,Moving Violation
2025-10-15 21:51:31.227000,7795270.0,CT0012600,Shelton,Racial Profile,478,2500020997,Incident ID,2025-09-15 00:00:00,September,W,N,M,67,True,False,SHELTON,Long Hill Ave,  ,  ,V,G,1.0,0,14-218(a),,False,N,False,False,V,,,,,False,1.0,CT0012600,134050530872953784,2025-09-15 10:10:51.250000,10:10:51.250000,2025,14-218(a),,,2025,Speed Related
2025-10-15 21:51:31.233000,7795273.0,CT0012600,Shelton,Racial Profile,478,2500021006,Incident ID,2025-09-15 00:00:00,September,W,H,M,59,True,False,SHELTON,Long Hill Ave,  ,  ,V,G,1.0,0,14-218(a),,False,N,False,False,V,,,,,False,1.0,CT0012600,134050530872953784,2025-09-15 10:50:25.517000,10:50:25.517000,2025,14-218(a),,,2025,Speed Related
2025-10-15 21:51:31.230000,7795271.0,CT0012600,Shelton,Racial Profile,478,2500021001,Incident ID,2025-09-15 00:00:00,September,W,N,M,41,True,True,SHELTON,Long Hill Ave,  ,  ,V,G,1.0,0,14-218(a),,False,N,False,False,V,,,,,False,1.0,CT0012600,134050530872953784,2025-09-15 10:23:36.527000,10:23:36.527000,2025,14-218(a),,,2025,Speed Related
2025-10-15 21:51:31.230000,7795272.0,CT0012600,Shelton,Racial Profile,478,2500021004,Incident ID,2025-09-15 00:00:00,September,W,N,M,33,True,True,SHELTON,Long Hill Ave,  ,  ,V,G,1.0,0,14-218(a),,False,N,False,False,V,,,,,False,1.0,CT0012600,134050530872953784,2025-09-15 10:37:59.417000,10:37:59.417000,2025,14-218(a),,,2025,Speed Related
2025-10-15 21:51:31.223000,7795269.0,CT0012600,Shelton,Racial Profile,478,2500020996,Incident ID,2025-09-15 00:00:00,September,W,H,M,19,True,False,SHELTON,Long Hill Ave,  ,  ,V,G,1.0,0,14-218(a),,False,N,False,False,V,,,,,False,1.0,CT0012600,134050530872953784,2025-09-15 09:51:37.030000,09:51:37.030000,2025,14-218(a),,,2025,Speed Related
2025-10-15 21:51:31.207000,7795264.0,CT0012600,Shelton,Racial Profile,462,2500021255,Incident ID,2025-09-18 00:00:00,September,W,N,M,33,True,True,SHELTON,Wooster St.,  ,  ,V,G,1.0,0,14-18(2),,False,N,False,False,V,,,,,False,1.0,CT0012600,134050530872953784,2025-09-18 20:28:09.750000,20:28:09.750000,2025,14-18(2),,,2025,Display of Plates
2025-10-15 21:51:31.203000,7795262.0,CT0012600,Shelton,Racial Profile,449,2500021239,Incident ID,2025-09-18 00:00:00,September,W,H,M,20,True,False,Shelton,route 8/constitution,  ,  ,V,B,1.0,0,14-000,,False,N,False,False,V,,,,,False,1.0,CT0012600,134050530872953784,2025-09-18 17:22:00.647000,17:22:00.647000,2025,,,,2025,Other
2025-10-15 21:51:31.210000,7795265.0,CT0012600,Shelton,Racial Profile,462,2500021526,Incident ID,2025-09-22 00:00:00,September,B,N,F,50,False,False,SHELTON,Sylvan Dr.,  ,  ,V,G,1.0,0,14-301,,False,N,False,False,V,,,,,False,1.0,CT0012600,134050530872953784,2025-09-22 23:06:37.800000,23:06:37.800000,2025,14-301,,,2025,Stop Sign
2025-10-15 21:51:31.200000,7795260.0,CT0012600,Shelton,Racial Profile,285,2500021499,Incident ID,2025-09-22 00:00:00,September,W,N,M,43,True,True,SHELTON,soundview ave,  ,  ,V,G,1.0,0,14-234,,False,N,False,False,V,,,,,False,1.0,CT0012600,134050530872953784,2025-09-22 13:41:23.383000,13:41:23.383000,2025,14-234,,,2025,Moving Violation
2025-10-15 21:51:31.213000,7795266.0,CT0012600,Shelton,Racial Profile,462,2500021651,Incident ID,2025-09-24 00:00:00,September,W,N,F,51,True,False,SHELTON,Bridge St.,  ,  ,I,G,1.0,0,14-18(2),,True,N,False,False,V,,,,,False,1.0,CT0012600,134050530872953784,2025-09-24 18:10:12.630000,18:10:12.630000,2025,14-18(2),,,2025,Display of Plates
2025-10-15 21:51:31.217000,7795267.0,CT0012600,Shelton,Racial Profile,462,2500021655,Incident ID,2025-09-24 00:00:00,September,W,N,M,20,True,False,SHELTON,Howe Ave.,  ,  ,I,G,1.0,0,14-18(e)*,,False,N,False,False,V,,,,,False,1.0,CT0012600,134050530872953784,2025-09-24 19:32:50.417000,19:32:50.417000,2025,14-18(e)*,,,2025,Display of Plates
2025-10-15 21:51:31.207000,7795263.0,CT0012600,Shelton,Racial Profile,449,2500021661,Incident ID,2025-09-24 00:00:00,September,W,H,M,45,True,False,SHELTON,wells/toas,  ,  ,V,G,2.0,1,14-12,,False,N,False,False,I,,,,,False,1.0,CT0012600,134050530872953784,2025-09-24 20:03:22.510000,20:03:22.510000,2025,14-12,,,2025,Registration
2025-11-15 21:49:44.163000,7891948.0,CT0012600,Shelton,Racial Profile,328,2500022325,Incident ID,2025-10-02 00:00:00,October,W,N,M,49,True,True,SHELTON,887 Howe Ave Shelton CT n06484,  ,  ,I,G,2.0,1,14-236(1),,False,N,False,False,I,,,,,False,1.0,CT0012600,134077349809760561,2025-10-02 23:23:49.943000,23:23:49.943000,2025,14-236(1),,,2025,Moving Violation
2025-11-15 21:49:44.187000,7891954.0,CT0012600,Shelton,Racial Profile,462,2500022699,Incident ID,2025-10-07 00:00:00,October,B,N,M,17,True,True,SHELTON,401 Bridgeport Ave. ,  ,  ,V,G,1.0,1,14-213b,,False,N,False,False,I,,,,,False,1.0,CT0012600,134077349809760561,2025-10-07 18:23:50.893000,18:23:50.893000,2025,14-213b,,,2025,Administrative Offense
2025-11-15 21:49:44.187000,7891955.0,CT0012600,Shelton,Racial Profile,462,2500022972,Incident ID,2025-10-10 00:00:00,October,W,N,M,39,True,True,SHELTON,Cornell St. and Canal St.,  ,  ,V,G,1.0,0,14-239(a),,True,N,False,False,V,,,,,False,1.0,CT0012600,134077349809760561,2025-10-10 19:14:15.970000,19:14:15.970000,2025,14-239(a),,,2025,Moving Violation
2025-11-15 21:49:44.190000,7891956.0,CT0012600,Shelton,Racial Profile,468,2500023348,Incident ID,2025-10-16 00:00:00,October,W,N,M,79,True,False,SHELTON,Bridgeport Avenue/Old Stratford Road,  ,  ,V,G,1.0,0,14-96a(a),,False,N,False,False,V,,,,,False,1.0,CT0012600,134077349809760561,2025-10-16 00:23:31.107000,00:23:31.107000,2025,14-96a(a),,,2025,Defective Lights
2025-11-15 21:49:44.167000,7891949.0,CT0012600,Shelton,Racial Profile,404,2500023855,Incident ID,2025-10-22 00:00:00,October,W,N,M,45,True,False,SHELTON,coram/hill st,  ,  ,V,G,1.0,0,14-96a(a),,False,N,False,False,V,,,,,False,1.0,CT0012600,134077349809760561,2025-10-22 22:00:25.913000,22:00:25.913000,2025,14-96a(a),,,2025,Defective Lights
2025-11-15 21:49:44.157000,7891947.0,CT0012600,Shelton,Racial Profile,285,2500023968,Incident ID,2025-10-24 00:00:00,October,B,N,M,46,True,True,SHELTON,Commerce Dr,  ,  ,V,G,1.0,0,14-219,,False,N,False,False,V,,,,,False,1.0,CT0012600,134077349809760561,2025-10-24 10:06:22.630000,10:06:22.630000,2025,14-219,,,2025,Speed Related
2025-11-15 21:49:44.180000,7891952.0,CT0012600,Shelton,Racial Profile,445,2500024111,Incident ID,2025-10-26 00:00:00,October,W,N,M,70,True,False,SHELTON,BRIDGEPORT AVE/NELLS ROCK RD,  ,  ,V,B,1.0,0,14-299,,False,N,False,False,V,,,,,False,1.0,CT0012600,134077349809760561,2025-10-26 17:56:26.150000,17:56:26.150000,2025,,,,2025,Traffic Control Signal
2025-11-15 21:49:44.173000,7891950.0,CT0012600,Shelton,Racial Profile,438,2500024115,Incident ID,2025-10-26 00:00:00,October,W,N,M,28,True,True,SHELTON,Loing Hill Ave/Asbury Ridge,  ,  ,V,G,1.0,0,14-219(b),,False,N,False,False,I,,,,,False,1.0,CT0012600,134077349809760561,2025-10-26 18:19:19.517000,18:19:19.517000,2025,,,,2025,Speed Related
2025-11-15 21:49:44.180000,7891951.0,CT0012600,Shelton,Racial Profile,438,2500024118,Incident ID,2025-10-26 00:00:00,October,W,N,M,52,True,True,SHELTON,Long Hill Ave/Asbury Ridge,  ,  ,V,G,1.0,0,14-219(b),,False,N,False,False,I,,,,,False,1.0,CT0012600,134077349809760561,2025-10-26 18:41:42.133000,18:41:42.133000,2025,,,,2025,Speed Related
2025-11-15 21:49:44.183000,7891953.0,CT0012600,Shelton,Racial Profile,447,2500024517,Incident ID,2025-10-31 00:00:00,October,W,M,M,20,True,True,SHELTON,bpt ave/ armstrong,  ,  ,V,G,1.0,0,14-230,,False,N,False,False,V,,,,,False,1.0,CT0012600,134077349809760561,2025-10-31 14:22:19.130000,14:22:19.130000,2025,,,,2025,Moving Violation
2025-12-15 21:50:22.230000,7971789.0,CT0012600,Shelton,Racial Profile,478,2500024746,Incident ID,2025-11-03 00:00:00,November,W,N,F,60,True,True,SHELTON, ACCESS RD  (Shelton),  ,  ,V,G,1.0,0,14-36(a),,False,N,False,False,I,,,,,False,1.0,CT0012600,134103270186492469,2025-11-03 12:58:28.437000,12:58:28.437000,2025,14-36(a),,,2025,Unlicensed Operation
2025-12-15 21:50:22.183000,7971774.0,CT0012600,Shelton,Racial Profile,447,2500024846,Incident ID,2025-11-04 00:00:00,November,B,N,F,53,True,False,SHELTON,"00427 HOWE AVE (SHELTON, T126)",  ,  ,V,G,2.0,1,14-147(c),,True,I,False,False,I,,,,,False,1.0,CT0012600,134103270186492469,2025-11-04 20:58:31.550000,20:58:31.550000,2025,,,,2025,Administrative Offense
2025-12-15 21:50:22.180000,7971773.0,CT0012600,Shelton,Racial Profile,447,2500024835,Incident ID,2025-11-04 00:00:00,November,W,N,F,40,True,True,Shelton,coram/ hill,  ,  ,I,G,1.0,0,01-000,,False,N,False,False,N,,,,,False,1.0,CT0012600,134103270186492469,2025-11-04 18:15:26.367000,18:15:26.367000,2025,,,,2025,Other
2025-12-15 21:50:22.180000,7971772.0,CT0012600,Shelton,Racial Profile,445,2500024845,Incident ID,2025-11-04 00:00:00,November,W,N,M,48,True,True,SHELTON,Chaplibn,  ,  ,I,B,1.0,0,14-299,,False,N,False,False,V,,,,,False,1.0,CT0012600,134103270186492469,2025-11-04 20:29:00.130000,20:29:00.130000,2025,,,,2025,Traffic Control Signal
2025-12-15 21:50:22.187000,7971775.0,CT0012600,Shelton,Racial Profile,447,2500024894,Incident ID,2025-11-05 00:00:00,November,W,H,M,40,True,False,SHELTON,hill/ coram,  ,  ,V,G,2.0,1,14-147a,,True,I,False,False,M,,,,,False,1.0,CT0012600,134103270186492469,2025-11-05 17:44:10.320000,17:44:10.320000,2025,,,,2025,Administrative Offense
2025-12-15 21:50:22.190000,7971776.0,CT0012600,Shelton,Racial Profile,447,2500024896,Incident ID,2025-11-05 00:00:00,November,W,N,M,30,True,False,SHELTON,1000 bpt ave,  ,  ,I,G,2.0,1,14-222,,True,I,False,True,U,,,,,False,1.0,CT0012600,134103270186492469,2025-11-05 18:34:53.837000,18:34:53.837000,2025,14-223(b),,,2025,Speed Related
2025-12-15 21:50:22.190000,7971777.0,CT0012600,Shelton,Racial Profile,447,2500024903,Incident ID,2025-11-05 00:00:00,November,B,N,M,51,True,False,SHELTON," CENTER ST/HOWE AVE (SHELTON, T126)",  ,  ,I,G,1.0,0,14-147(c),,False,N,False,False,I,,,,,False,1.0,CT0012600,134103270186492469,2025-11-05 21:52:40.820000,21:52:40.820000,2025,,,,2025,Administrative Offense
2025-12-15 21:50:22.193000,7971778.0,CT0012600,Shelton,Racial Profile,447,2500025109,Incident ID,2025-11-08 00:00:00,November,B,N,M,20,True,True,SHELTON,center/ cots,  ,  ,I,G,2.0,0,01-000,,False,N,False,False,V,,,,,False,1.0,CT0012600,134103270186492469,2025-11-08 19:38:32.813000,19:38:32.813000,2025,,,,2025,Other
2025-12-15 21:50:22.200000,7971779.0,CT0012600,Shelton,Racial Profile,447,2500025168,Incident ID,2025-11-09 00:00:00,November,W,N,M,32,True,True,SHELTON,canal/ riverside,  ,  ,V,G,1.0,0,14-301,,False,N,False,False,V,,,,,False,1.0,CT0012600,134103270186492469,2025-11-09 18:53:56.687000,18:53:56.687000,2025,,,,2025,Stop Sign
2025-12-15 21:50:22.170000,7971769.0,CT0012600,Shelton,Racial Profile,356,2500025202,Incident ID,2025-11-10 00:00:00,November,W,N,F,84,True,False,SHELTON,shelton ave / nells rock,  ,  ,V,G,1.0,0,14-232,,False,N,False,False,I,,,,,False,1.0,CT0012600,134103270186492469,2025-11-10 11:34:08.303000,11:34:08.303000,2025,14-232,,,2025,Moving Violation
2025-12-15 21:50:22.173000,7971770.0,CT0012600,Shelton,Racial Profile,392,2500025276,Incident ID,2025-11-11 00:00:00,November,B,N,M,33,True,False,SHELTON,HUNTINGTON ST / SHELTON AVE,  ,  ,V,G,1.0,0,14-303,,False,N,False,False,V,,,,,False,1.0,CT0012600,134103270186492469,2025-11-11 19:42:56.293000,19:42:56.293000,2025,,,,2025,Other
2025-12-15 21:50:22.200000,7971780.0,CT0012600,Shelton,Racial Profile,447,2500025352,Incident ID,2025-11-12 00:00:00,November,B,N,M,35,True,True,SHELTON,coram/ center,  ,  ,I,G,2.0,1,14-215(a),,True,I,False,False,M,,,,,False,1.0,CT0012600,134103270186492469,2025-11-12 18:55:55.850000,18:55:55.850000,2025,,,,2025,Administrative Offense
2025-12-15 21:50:22.203000,7971781.0,CT0012600,Shelton,Racial Profile,447,2500025660,Incident ID,2025-11-16 00:00:00,November,B,N,M,39,True,False,SHELTON,"00012 N RT 8 HWY (SHELTON, T126)",  ,  ,I,G,2.0,0,14-147(c),,False,N,False,False,I,,,,,False,1.0,CT0012600,134103270186492469,2025-11-16 21:31:31.250000,21:31:31.250000,2025,,,,2025,Administrative Offense
2025-12-15 21:50:22.207000,7971782.0,CT0012600,Shelton,Racial Profile,447,2500025792,Incident ID,2025-11-18 00:00:00,November,B,N,M,24,True,False,SHELTON," BRIDGEPORT AVE/PARROTT DR (SHELTON, T126)",  ,  ,V,G,1.0,0,14-299,,False,N,False,False,I,,,,,False,1.0,CT0012600,134103270186492469,2025-11-18 19:17:38.330000,19:17:38.330000,2025,,,,2025,Traffic Control Signal
2025-12-15 21:50:22.220000,7971787.0,CT0012600,Shelton,Racial Profile,462,2500025803,Incident ID,2025-11-18 00:00:00,November,W,H,M,27,True,False,SHELTON,CANAL ST,  ,  ,V,G,2.0,0,14-301,,False,N,False,True,V,,,,,False,1.0,CT0012600,134103270186492469,2025-11-18 21:53:43.153000,21:53:43.153000,2025,,,,2025,Stop Sign
2025-12-15 21:50:22.217000,7971786.0,CT0012600,Shelton,Racial Profile,452,2500025887,Incident ID,2025-11-19 00:00:00,November,B,N,M,19,True,False,SHELTON,Fountain Square,  ,  ,V,G,2.0,0,14-80(a),,False,N,False,False,V,,,,,False,1.0,CT0012600,134103270186492469,2025-11-19 22:35:19.997000,22:35:19.997000,2025,14-80(a),,,2025,Equipment Violation
2025-12-15 21:50:22.210000,7971783.0,CT0012600,Shelton,Racial Profile,447,2500026147,Incident ID,2025-11-23 00:00:00,November,W,N,M,37,True,False,SHELTON,anthonys,  ,  ,V,G,2.0,1,14-236,,True,I,False,False,M,,,,,False,1.0,CT0012600,134103270186492469,2025-11-23 19:40:59.057000,19:40:59.057000,2025,14-215(a),,,2025,Moving Violation
2025-12-15 21:50:22.227000,7971788.0,CT0012600,Shelton,Racial Profile,462,2500026197,Incident ID,2025-11-24 00:00:00,November,B,H,F,54,True,True,SHELTON,555 Bridgeport Ave.,  ,  ,V,G,1.0,0,14-96a(a),,False,N,False,False,V,,,,,False,1.0,CT0012600,134103270186492469,2025-11-24 18:35:55.580000,18:35:55.580000,2025,14-96a(a),,,2025,Defective Lights
2025-12-15 21:50:22.157000,7971768.0,CT0012600,Shelton,Racial Profile,312,2500026327,Incident ID,2025-11-26 00:00:00,November,W,H,M,63,True,False,SHELTON,bridgeport ave/trap falls,  ,  ,V,G,1.0,0,14-96A,,False,N,False,False,V,,,,,False,1.0,CT0012600,134103270186492469,2025-11-26 20:53:36.923000,20:53:36.923000,2025,14-96A,,,2025,Defective Lights
2025-12-15 21:50:22.210000,7971784.0,CT0012600,Shelton,Racial Profile,447,2500026458,Incident ID,2025-11-28 00:00:00,November,W,N,F,50,True,False,SHELTON,shelton derby bridge,  ,  ,V,G,1.0,0,14-18(a),,False,N,False,False,V,,,,,False,1.0,CT0012600,134103270186492469,2025-11-28 20:04:01.927000,20:04:01.927000,2025,,,,2025,Display of Plates
2025-12-15 21:50:22.177000,7971771.0,CT0012600,Shelton,Racial Profile,404,2500026451,Incident ID,2025-11-28 00:00:00,November,B,N,F,48,True,True,SHELTON,shelton ave,  ,  ,V,G,1.0,0,14-234,,False,N,False,False,V,,,,,False,1.0,CT0012600,134103270186492469,2025-11-28 17:43:02.860000,17:43:02.860000,2025,14-234,,,2025,Moving Violation
2025-12-15 21:50:22.213000,7971785.0,CT0012600,Shelton,Racial Profile,447,2500026529,Incident ID,2025-11-29 00:00:00,November,W,N,F,60,True,True,SHELTON,bpt ave/ fountain sq,  ,  ,V,G,1.0,0,14-18(a),,False,N,False,False,V,,,,,False,1.0,CT0012600,134103270186492469,2025-11-29 17:45:40.077000,17:45:40.077000,2025,,,,2025,Display of Plates
2026-01-15 21:51:25.530000,8080252.0,CT0012600,Shelton,Racial Profile,461,2500026788,Incident ID,2025-12-03 00:00:00,December,A,N,M,33,True,True,SHELTON,bridgeport/ rt 8,  ,  ,I,G,2.0,1,14-147,,True,I,False,False,I,,,,,False,1.0,CT0012600,134130054841072488,2025-12-03 15:14:22.627000,15:14:22.627000,2025,14-147,,,2025,Administrative Offense
2026-01-15 21:51:25.523000,8080250.0,CT0012600,Shelton,Racial Profile,451,2500026811,Incident ID,2025-12-03 00:00:00,December,A,M,M,30,True,True,SHELTON,rt 8 north,  ,  ,V,G,1.0,0,01-000,,False,N,False,False,V,,,,,False,1.0,CT0012600,134130054841072488,2025-12-03 19:38:32.023000,19:38:32.023000,2025,,,,2025,Other
2026-01-15 21:51:25.513000,8080246.0,CT0012600,Shelton,Racial Profile,447,2500026911,Incident ID,2025-12-04 00:00:00,December,W,H,M,30,True,False,SHELTON,BPT AVE/ BLACKS HILL,  ,  ,I,G,1.0,0,01-000,,False,N,False,False,N,,,,,False,1.0,CT0012600,134130054841072488,2025-12-04 22:48:30.560000,22:48:30.560000,2025,,,,2025,Other
2026-01-15 21:51:25.507000,8080243.0,CT0012600,Shelton,Racial Profile,285,2500027281,Incident ID,2025-12-10 00:00:00,December,W,N,M,62,True,True,SHELTON,Huntington St,  ,  ,V,G,1.0,0,14-243,,False,N,False,False,V,,,,,False,1.0,CT0012600,134130054841072488,2025-12-10 12:29:17.053000,12:29:17.053000,2025,14-243,,,2025,Moving Violation
2026-01-15 21:51:25.517000,8080247.0,CT0012600,Shelton,Racial Profile,447,2500027733,Incident ID,2025-12-16 00:00:00,December,W,N,M,35,True,True,SHELTON,center/ coram,  ,  ,V,G,1.0,0,14-218a,,False,N,False,False,V,,,,,False,1.0,CT0012600,134130054841072488,2025-12-16 22:10:02.407000,22:10:02.407000,2025,,,,2025,Speed Related
2026-01-15 21:51:25.533000,8080253.0,CT0012600,Shelton,Racial Profile,468,2500027684,Incident ID,2025-12-16 00:00:00,December,W,N,M,29,True,True,SHELTON,525 Bridgeport Ave,  ,  ,V,G,3.0,1,14-299,,True,I,False,False,M,,,,,False,1.0,CT0012600,134130054841072488,2025-12-16 06:09:18.553000,06:09:18.553000,2025,14-215,,,2025,Traffic Control Signal
2026-01-15 21:51:25.510000,8080244.0,CT0012600,Shelton,Racial Profile,356,2500027688,Incident ID,2025-12-16 00:00:00,December,B,N,F,40,True,True,SHELTON,shelton ave,  ,  ,E,G,1.0,0,14-232(1),,True,O,False,False,V,,,,,False,1.0,CT0012600,134130054841072488,2025-12-16 08:57:00.573000,08:57:00.573000,2025,14-232,,,2025,Moving Violation
2026-01-15 21:51:25.520000,8080248.0,CT0012600,Shelton,Racial Profile,447,2500027812,Incident ID,2025-12-17 00:00:00,December,W,N,M,32,True,False,SHELTON," HOWE AVE/WHEELER ST (SHELTON, T126)",  ,  ,V,G,1.0,0,14-236,,False,N,False,False,I,,,,,False,1.0,CT0012600,134130054841072488,2025-12-17 19:45:53.080000,19:45:53.080000,2025,,,,2025,Moving Violation
2026-01-15 21:51:25.527000,8080251.0,CT0012600,Shelton,Racial Profile,452,2500027792,Incident ID,2025-12-17 00:00:00,December,W,N,M,24,True,True,SHELTON,Meadow St and Shelton Ave,  ,  ,V,G,1.0,0,14-240,,False,N,False,False,V,,,,,False,1.0,CT0012600,134130054841072488,2025-12-17 15:48:36.733000,15:48:36.733000,2025,14-240,,,2025,Moving Violation
2026-01-15 21:51:25.510000,8080245.0,CT0012600,Shelton,Racial Profile,392,2500027901,Incident ID,2025-12-18 00:00:00,December,W,N,F,47,True,True,SHELTON,SHELTON AV / WILLOUGHBY RD,  ,  ,V,G,1.0,0,14-96b,,False,N,False,False,V,,,,,False,1.0,CT0012600,134130054841072488,2025-12-18 21:03:54.407000,21:03:54.407000,2025,,,,2025,Defective Lights
2026-01-15 21:51:25.503000,8080242.0,CT0012600,Shelton,Racial Profile,210,2500027959,Incident ID,2025-12-19 00:00:00,December,W,N,M,18,True,True,SHELTON,Meadow St / Wheeler St,  ,  ,V,G,1.0,0,14-234,,False,N,False,False,V,,,,,False,1.0,CT0012600,134130054841072488,2025-12-19 14:23:26.717000,14:23:26.717000,2025,,,,2025,Moving Violation
2026-01-15 21:51:25.520000,8080249.0,CT0012600,Shelton,Racial Profile,447,2500028747,Incident ID,2025-12-31 00:00:00,December,W,N,M,31,True,False,DERBY, MAIN ST/CAROLINE ST  (Shelton),  ,  ,I,G,2.0,0,14-147(c),,False,N,False,False,I,,,,,False,1.0,CT0012600,134130054841072488,2025-12-31 17:39:25.037000,17:39:25.037000,2025,,,,2025,Administrative Offense
